field_name,entity_type,data_type,requirement_type,requirement_detail,source_file
assumable,LOAN,BooleanDataDictField,ALWAYS_REQUIRED,BooleanRequired(True),loan_fields.py
auto_pay_transferred,LOAN,BooleanDataDictField,ALWAYS_REQUIRED,BooleanRequired(True),loan_fields.py
bankruptcy_case_number,BANKRUPTCY,NonDecimalStringDataDictField,ALWAYS_REQUIRED,BooleanRequired(True),bankruptcy_fields.py
bankruptcy_chapter,BANKRUPTCY,LiteralDataDictField,ALWAYS_REQUIRED,BooleanRequired(True),bankruptcy_fields.py
bankruptcy_court_division,BANKRUPTCY,IntDataDictField,ALWAYS_REQUIRED,BooleanRequired(True),bankruptcy_fields.py
bankruptcy_court_state,BANKRUPTCY,LiteralDataDictField,ALWAYS_REQUIRED,BooleanRequired(True),bankruptcy_fields.py
bankruptcy_date_filed,BANKRUPTCY,DateDataDictField,ALWAYS_REQUIRED,BooleanRequired(True),bankruptcy_fields.py
bankruptcy_is_asset_case,BANKRUPTCY,BooleanDataDictField,ALWAYS_REQUIRED,BooleanRequired(True),bankruptcy_fields.py
borrower_entity_first_name,BORROWER,StringDataDictField,ALWAYS_REQUIRED,BooleanRequired(True),borrower_fields.py
borrower_entity_is_deceased,BORROWER,BooleanDataDictField,ALWAYS_REQUIRED,BooleanRequired(True),borrower_fields.py
borrower_entity_is_primary,BORROWER,BooleanDataDictField,ALWAYS_REQUIRED,BooleanRequired(True),borrower_fields.py
borrower_entity_last_name,BORROWER,StringDataDictField,ALWAYS_REQUIRED,BooleanRequired(True),borrower_fields.py
borrower_entity_mailing_address_1,BORROWER,StringDataDictField,ALWAYS_REQUIRED,BooleanRequired(True),borrower_fields.py
borrower_entity_mailing_city,BORROWER,StringDataDictField,ALWAYS_REQUIRED,BooleanRequired(True),borrower_fields.py
borrower_entity_mailing_state,BORROWER,LiteralDataDictField,ALWAYS_REQUIRED,BooleanRequired(True),borrower_fields.py
borrower_entity_mailing_zipcode,BORROWER,StringDataDictField,ALWAYS_REQUIRED,BooleanRequired(True),borrower_fields.py
borrower_entity_tax_id,BORROWER,StringDataDictField,ALWAYS_REQUIRED,BooleanRequired(True),borrower_fields.py
borrower_entity_tax_id_type,BORROWER,LiteralDataDictField,ALWAYS_REQUIRED,BooleanRequired(True),borrower_fields.py
borrower_entity_type,BORROWER,LiteralDataDictField,ALWAYS_REQUIRED,BooleanRequired(True),borrower_fields.py
borrower_first_name,LOAN,StringDataDictField,ALWAYS_REQUIRED,BooleanRequired(True),loan_borrower_fields.py
borrower_last_name,LOAN,StringDataDictField,ALWAYS_REQUIRED,BooleanRequired(True),loan_borrower_fields.py
borrower_mailing_address_1,LOAN,StringDataDictField,ALWAYS_REQUIRED,BooleanRequired(True),loan_borrower_fields.py
borrower_mailing_city,LOAN,StringDataDictField,ALWAYS_REQUIRED,BooleanRequired(True),loan_borrower_fields.py
borrower_mailing_state,LOAN,LiteralDataDictField,ALWAYS_REQUIRED,BooleanRequired(True),loan_borrower_fields.py
borrower_mailing_zipcode,LOAN,StringDataDictField,ALWAYS_REQUIRED,BooleanRequired(True),loan_borrower_fields.py
borrower_tax_id_type,LOAN,LiteralDataDictField,ALWAYS_REQUIRED,BooleanRequired(True),loan_borrower_fields.py
borrower_type,LOAN,LiteralDataDictField,ALWAYS_REQUIRED,BooleanRequired(True),loan_borrower_fields.py
comment_body,COMMENT,TextDataDictField,ALWAYS_REQUIRED,BooleanRequired(True),comment_fields.py
comment_datetime,COMMENT,DatetimeDataDictField,ALWAYS_REQUIRED,BooleanRequired(True),comment_fields.py
comment_type,COMMENT,StringDataDictField,ALWAYS_REQUIRED,BooleanRequired(True),comment_fields.py
comment_user_id,COMMENT,StringDataDictField,ALWAYS_REQUIRED,BooleanRequired(True),comment_fields.py
coverage_type,INSURANCE,LiteralDataDictField,ALWAYS_REQUIRED,BooleanRequired(True),internal_onboarding_insurance_fields.py
current_actual_upb,LOAN,CurrencyDataDictField,ALWAYS_REQUIRED,BooleanRequired(True),loan_fields.py
current_escrow_balance,LOAN,CurrencyDataDictField,ALWAYS_REQUIRED,BooleanRequired(True),escrow_fields.py
current_interest_rate,LOAN,RateDataDictField,ALWAYS_REQUIRED,BooleanRequired(True),loan_fields.py
current_maturity_date,LOAN,DateDataDictField,ALWAYS_REQUIRED,BooleanRequired(True),loan_fields.py
current_payment_amount,LOAN,CurrencyDataDictField,ALWAYS_REQUIRED,BooleanRequired(True),loan_fields.py
current_pi,LOAN,CurrencyDataDictField,ALWAYS_REQUIRED,BooleanRequired(True),loan_fields.py
deferred_interest,LOAN,CurrencyDataDictField,ALWAYS_REQUIRED,BooleanRequired(True),loan_events_flags_fields.py
deferred_principal_balance,LOAN,CurrencyDataDictField,ALWAYS_REQUIRED,BooleanRequired(True),loan_fields.py
document_custodian,LOAN,LiteralDataDictField,ALWAYS_REQUIRED,BooleanRequired(True),loan_fields.py
effective_transfer_date,LOAN,DateDataDictField,ALWAYS_REQUIRED,BooleanRequired(True),loan_fields.py
electronic_mortgage_note,LOAN,BooleanDataDictField,ALWAYS_REQUIRED,BooleanRequired(True),loan_fields.py
escrow_required,LOAN,BooleanDataDictField,ALWAYS_REQUIRED,BooleanRequired(True),escrow_fields.py
expense_amount,EXPENSE,CurrencyDataDictField,ALWAYS_REQUIRED,BooleanRequired(True),expense_fields.py
expense_recoverable_code,EXPENSE,LiteralDataDictField,ALWAYS_REQUIRED,BooleanRequired(True),expense_fields.py
expense_type,EXPENSE,LiteralDataDictField,ALWAYS_REQUIRED,BooleanRequired(True),expense_fields.py
first_payment_date,LOAN,DateDataDictField,ALWAYS_REQUIRED,BooleanRequired(True),loan_fields.py
flood_certificate_date,LOAN,DateDataDictField,ALWAYS_REQUIRED,BooleanRequired(True),hazard_info_fields.py
flood_certificate_number,LOAN,NonDecimalStringDataDictField,ALWAYS_REQUIRED,BooleanRequired(True),hazard_info_fields.py
flood_certificate_provider,LOAN,LiteralDataDictField,ALWAYS_REQUIRED,BooleanRequired(True),hazard_info_fields.py
flood_zone,LOAN,LiteralDataDictField,ALWAYS_REQUIRED,BooleanRequired(True),hazard_info_fields.py
foreclosure_attorney_firm,FORECLOSURE,StringDataDictField,ALWAYS_REQUIRED,BooleanRequired(True),foreclosure_fields.py
foreclosure_judicial_standing,FORECLOSURE,LiteralDataDictField,ALWAYS_REQUIRED,BooleanRequired(True),foreclosure_fields.py
foreclosure_referred_date,FORECLOSURE,DateDataDictField,ALWAYS_REQUIRED,BooleanRequired(True),foreclosure_fields.py
foreclosure_status,FORECLOSURE,LiteralDataDictField,ALWAYS_REQUIRED,BooleanRequired(True),foreclosure_fields.py
gnma_pool_guaranty_fee_rate,GNMA_POOL,RateDataDictField,ALWAYS_REQUIRED,BooleanRequired(True),gnma_pool_fields.py
gnma_pool_initial_pay_date,GNMA_POOL,DateDataDictField,ALWAYS_REQUIRED,BooleanRequired(True),gnma_pool_fields.py
gnma_pool_issue_date,GNMA_POOL,DateDataDictField,ALWAYS_REQUIRED,BooleanRequired(True),gnma_pool_fields.py
gnma_pool_issue_type,GNMA_POOL,LiteralDataDictField,ALWAYS_REQUIRED,BooleanRequired(True),gnma_pool_fields.py
gnma_pool_maturity_date,GNMA_POOL,DateDataDictField,ALWAYS_REQUIRED,BooleanRequired(True),gnma_pool_fields.py
gnma_pool_number,GNMA_POOL,NonDecimalStringDataDictField,ALWAYS_REQUIRED,BooleanRequired(True),gnma_pool_fields.py
gnma_pool_original_interest_rate,GNMA_POOL,RateDataDictField,ALWAYS_REQUIRED,BooleanRequired(True),gnma_pool_fields.py
gnma_pool_original_pool_upb,GNMA_POOL,CurrencyDataDictField,ALWAYS_REQUIRED,BooleanRequired(True),gnma_pool_fields.py
gnma_pool_original_security_rate,GNMA_POOL,RateDataDictField,ALWAYS_REQUIRED,BooleanRequired(True),gnma_pool_fields.py
gnma_pool_settlement_date,GNMA_POOL,DateDataDictField,ALWAYS_REQUIRED,BooleanRequired(True),gnma_pool_fields.py
gnma_pool_type,GNMA_POOL,LiteralDataDictField,ALWAYS_REQUIRED,BooleanRequired(True),gnma_pool_fields.py
hamp_step_rate,LOAN,BooleanDataDictField,ALWAYS_REQUIRED,BooleanRequired(True),loan_fields.py
has_balloon,LOAN,BooleanDataDictField,ALWAYS_REQUIRED,BooleanRequired(True),loan_fields.py
heloc_draw_accrual_calculation,HELOC_DRAW,LiteralDataDictField,ALWAYS_REQUIRED,BooleanRequired(True),heloc_draw_fields.py
heloc_draw_accrual_day_count_method,HELOC_DRAW,LiteralDataDictField,ALWAYS_REQUIRED,BooleanRequired(True),heloc_draw_fields.py
heloc_draw_date_start,HELOC_DRAW,DateDataDictField,ALWAYS_REQUIRED,BooleanRequired(True),heloc_draw_fields.py
heloc_draw_first_installment_date,HELOC_DRAW,DateDataDictField,ALWAYS_REQUIRED,BooleanRequired(True),heloc_draw_fields.py
heloc_draw_id,HELOC_DRAW,StringDataDictField,ALWAYS_REQUIRED,BooleanRequired(True),heloc_draw_fields.py
heloc_draw_initial_daily_periodic_rate,HELOC_DRAW,DecimalDataDictField,ALWAYS_REQUIRED,BooleanRequired(True),heloc_draw_fields.py
heloc_draw_initial_unpaid_balance,HELOC_DRAW,DecimalDataDictField,ALWAYS_REQUIRED,BooleanRequired(True),heloc_draw_fields.py
heloc_draw_interest_rate_percentage,HELOC_DRAW,DecimalDataDictField,ALWAYS_REQUIRED,BooleanRequired(True),heloc_draw_fields.py
heloc_draw_is_initial_draw,HELOC_DRAW,BooleanDataDictField,ALWAYS_REQUIRED,BooleanRequired(True),heloc_draw_fields.py
heloc_draw_last_installment_date,HELOC_DRAW,DateDataDictField,ALWAYS_REQUIRED,BooleanRequired(True),heloc_draw_fields.py
heloc_initial_draw_line_item_amount,HELOC_INITIAL_DRAW_LINE_ITEM,DecimalDataDictField,ALWAYS_REQUIRED,BooleanRequired(True),heloc_initial_draw_line_item_fields.py
heloc_initial_draw_line_item_description,HELOC_INITIAL_DRAW_LINE_ITEM,StringDataDictField,ALWAYS_REQUIRED,BooleanRequired(True),heloc_initial_draw_line_item_fields.py
heloc_initial_draw_line_item_direction,HELOC_INITIAL_DRAW_LINE_ITEM,LiteralDataDictField,ALWAYS_REQUIRED,BooleanRequired(True),heloc_initial_draw_line_item_fields.py
heloc_initial_draw_line_item_draw_id,HELOC_INITIAL_DRAW_LINE_ITEM,StringDataDictField,ALWAYS_REQUIRED,BooleanRequired(True),heloc_initial_draw_line_item_fields.py
heloc_initial_draw_line_item_id,HELOC_INITIAL_DRAW_LINE_ITEM,StringDataDictField,ALWAYS_REQUIRED,BooleanRequired(True),heloc_initial_draw_line_item_fields.py
heloc_interest_accrual_bd_offset,HELOC_DRAW,IntDataDictField,ALWAYS_REQUIRED,BooleanRequired(True),heloc_draw_fields.py
heloc_interest_accrual_boundary,HELOC_DRAW,LiteralDataDictField,ALWAYS_REQUIRED,BooleanRequired(True),heloc_draw_fields.py
high_cost_section_32,LOAN,BooleanDataDictField,ALWAYS_REQUIRED,BooleanRequired(True),loan_events_flags_fields.py
insurance_type,INSURANCE,LiteralDataDictField,ALWAYS_REQUIRED,BooleanRequired(True),internal_onboarding_insurance_fields.py
interest_accrual_frequency,LOAN,LiteralDataDictField,ALWAYS_REQUIRED,BooleanRequired(True),loan_fields.py
interest_accrual_method,LOAN,LiteralDataDictField,ALWAYS_REQUIRED,BooleanRequired(True),loan_fields.py
investor_escrow_advance_liability_balance,LOAN,CurrencyDataDictField,ALWAYS_REQUIRED,BooleanRequired(True),loan_fields.py
investor_loan_id,LOAN,NonDecimalStringDataDictField,ALWAYS_REQUIRED,BooleanRequired(True),loan_fields.py
investor_pi_advance_liability_balance,LOAN,CurrencyDataDictField,ALWAYS_REQUIRED,BooleanRequired(True),loan_fields.py
is_borrower_deceased,LOAN,BooleanDataDictField,ALWAYS_REQUIRED,BooleanRequired(True),loan_borrower_fields.py
is_transferred,LOAN,BooleanDataDictField,ALWAYS_REQUIRED,BooleanRequired(True),loan_fields.py
last_due_date_paid,LOAN,DateDataDictField,ALWAYS_REQUIRED,BooleanRequired(True),loan_fields.py
late_charge_grace_days,LOAN,IntDataDictField,ALWAYS_REQUIRED,BooleanRequired(True),loan_fields.py
late_charge_rate,LOAN,RateDataDictField,ALWAYS_REQUIRED,BooleanRequired(True),loan_fields.py
late_charge_type,LOAN,LiteralDataDictField,ALWAYS_REQUIRED,BooleanRequired(True),loan_fields.py
late_fee_balance,LOAN,CurrencyDataDictField,ALWAYS_REQUIRED,BooleanRequired(True),loan_fields.py
lender_originator_company_name,LOAN,StringDataDictField,ALWAYS_REQUIRED,BooleanRequired(True),loan_fields.py
lien_position,LOAN,LiteralDataDictField,ALWAYS_REQUIRED,BooleanRequired(True),loan_fields.py
litigation,LOAN,BooleanDataDictField,ALWAYS_REQUIRED,BooleanRequired(True),loan_events_flags_fields.py
loan_insurance_type,LOAN,LiteralDataDictField,ALWAYS_REQUIRED,BooleanRequired(True),escrow_fields.py
loan_purpose,LOAN,LiteralDataDictField,ALWAYS_REQUIRED,BooleanRequired(True),loan_fields.py
master_servicer_escrow_advance_liability_balance,LOAN,CurrencyDataDictField,ALWAYS_REQUIRED,BooleanRequired(True),loan_fields.py
master_servicer_pi_advance_liability_balance,LOAN,CurrencyDataDictField,ALWAYS_REQUIRED,BooleanRequired(True),loan_fields.py
master_servicing_transfer,LOAN,LiteralDataDictField,ALWAYS_REQUIRED,BooleanRequired(True),loan_fields.py
mortgage_insurance_required,LOAN,BooleanDataDictField,ALWAYS_REQUIRED,BooleanRequired(True),loan_insurance_fields.py
next_due_date,LOAN,DateDataDictField,ALWAYS_REQUIRED,BooleanRequired(True),loan_fields.py
non_borrower_first_name,NON_BORROWER,StringDataDictField,ALWAYS_REQUIRED,BooleanRequired(True),loan_non_borrower_fields.py
non_borrower_last_name,NON_BORROWER,StringDataDictField,ALWAYS_REQUIRED,BooleanRequired(True),loan_non_borrower_fields.py
nsf_fee_balance,LOAN,CurrencyDataDictField,ALWAYS_REQUIRED,BooleanRequired(True),loan_fields.py
onboarding_data_format,LOAN,LiteralDataDictField,ALWAYS_REQUIRED,BooleanRequired(True),investor_reporting_detail_fields.py
original_interest_rate,LOAN,RateDataDictField,ALWAYS_REQUIRED,BooleanRequired(True),loan_fields.py
original_loan_amount,LOAN,CurrencyDataDictField,ALWAYS_REQUIRED,BooleanRequired(True),loan_fields.py
original_note_holder,LOAN,LiteralDataDictField,ALWAYS_REQUIRED,BooleanRequired(True),loan_fields.py
original_pi,LOAN,CurrencyDataDictField,ALWAYS_REQUIRED,BooleanRequired(True),loan_fields.py
origination_date,LOAN,DateDataDictField,ALWAYS_REQUIRED,BooleanRequired(True),loan_fields.py
other_fee_balance,LOAN,CurrencyDataDictField,ALWAYS_REQUIRED,BooleanRequired(True),loan_fields.py
payment_application_priority,LOAN,LiteralDataDictField,ALWAYS_REQUIRED,BooleanRequired(True),loan_fields.py
payment_day,LOAN,IntDataDictField,ALWAYS_REQUIRED,BooleanRequired(True),loan_fields.py
payment_period,LOAN,LiteralDataDictField,ALWAYS_REQUIRED,BooleanRequired(True),loan_fields.py
pc_escrowed_required,INSURANCE,BooleanDataDictField,ALWAYS_REQUIRED,BooleanRequired(True),internal_onboarding_insurance_fields.py
pc_forced_place_enabled,INSURANCE,BooleanDataDictField,ALWAYS_REQUIRED,BooleanRequired(True),internal_onboarding_insurance_fields.py
policy_end_date,INSURANCE,DateDataDictField,ALWAYS_REQUIRED,BooleanRequired(True),internal_onboarding_insurance_fields.py
policy_number,INSURANCE,StringDataDictField,ALWAYS_REQUIRED,BooleanRequired(True),internal_onboarding_insurance_fields.py
policy_start_date,INSURANCE,DateDataDictField,ALWAYS_REQUIRED,BooleanRequired(True),internal_onboarding_insurance_fields.py
portfolio_sid,LOAN,StringDataDictField,ALWAYS_REQUIRED,BooleanRequired(True),loan_fields.py
prepayment_penalty_type,LOAN,LiteralDataDictField,ALWAYS_REQUIRED,BooleanRequired(True),loan_fields.py
previous_servicer_company_mailing_address_1,LOAN,StringDataDictField,ALWAYS_REQUIRED,BooleanRequired(True),loan_fields.py
previous_servicer_company_mailing_address_city,LOAN,StringDataDictField,ALWAYS_REQUIRED,BooleanRequired(True),loan_fields.py
previous_servicer_company_mailing_address_state,LOAN,LiteralDataDictField,ALWAYS_REQUIRED,BooleanRequired(True),loan_fields.py
previous_servicer_company_mailing_address_zipcode,LOAN,StringDataDictField,ALWAYS_REQUIRED,BooleanRequired(True),loan_fields.py
previous_servicer_company_name,LOAN,StringDataDictField,ALWAYS_REQUIRED,BooleanRequired(True),loan_fields.py
previous_servicer_company_phone_number,LOAN,PhoneNumberDataDictField,ALWAYS_REQUIRED,BooleanRequired(True),loan_fields.py
previous_servicer_loan_id,LOAN,NonDecimalStringDataDictField,ALWAYS_REQUIRED,BooleanRequired(True),loan_fields.py
prior_tax_provider,LOAN,LiteralDataDictField,ALWAYS_REQUIRED,BooleanRequired(True),loan_fields.py
property_address_1,LOAN,StringDataDictField,ALWAYS_REQUIRED,BooleanRequired(True),property_fields.py
property_city,LOAN,StringDataDictField,ALWAYS_REQUIRED,BooleanRequired(True),property_fields.py
property_is_pre_fabricated,LOAN,BooleanDataDictField,ALWAYS_REQUIRED,BooleanRequired(True),property_fields.py
property_occupancy_status,LOAN,LiteralDataDictField,ALWAYS_REQUIRED,BooleanRequired(True),property_fields.py
property_occupancy_type,LOAN,LiteralDataDictField,ALWAYS_REQUIRED,BooleanRequired(True),property_fields.py
property_origination_appraisal_date,LOAN,DateDataDictField,ALWAYS_REQUIRED,BooleanRequired(True),property_fields.py
property_origination_appraisal_value,LOAN,CurrencyDataDictField,ALWAYS_REQUIRED,BooleanRequired(True),property_fields.py
property_state,LOAN,LiteralDataDictField,ALWAYS_REQUIRED,BooleanRequired(True),property_fields.py
property_type,LOAN,LiteralDataDictField,ALWAYS_REQUIRED,BooleanRequired(True),property_fields.py
property_zipcode,LOAN,StringDataDictField,ALWAYS_REQUIRED,BooleanRequired(True),property_fields.py
provider_name,INSURANCE,StringDataDictField,ALWAYS_REQUIRED,BooleanRequired(True),internal_onboarding_insurance_fields.py
recoverable_corporate_advance_balance,LOAN,CurrencyDataDictField,ALWAYS_REQUIRED,BooleanRequired(True),investor_reporting_detail_fields.py
servicing_strip_rate_required,LOAN,BooleanDataDictField,ALWAYS_REQUIRED,BooleanRequired(True),loan_fields.py
sfha_zone,LOAN,LiteralDataDictField,ALWAYS_REQUIRED,BooleanRequired(True),hazard_info_fields.py
subordination,LOAN,BooleanDataDictField,ALWAYS_REQUIRED,BooleanRequired(True),loan_events_flags_fields.py
subservicer_escrow_advance_liability_balance,LOAN,CurrencyDataDictField,ALWAYS_REQUIRED,BooleanRequired(True),loan_fields.py
subservicer_pi_advance_liability_balance,LOAN,CurrencyDataDictField,ALWAYS_REQUIRED,BooleanRequired(True),loan_fields.py
suspense_balance,LOAN,CurrencyDataDictField,ALWAYS_REQUIRED,BooleanRequired(True),escrow_fields.py
tax_escrow_required,LOAN,BooleanDataDictField,ALWAYS_REQUIRED,BooleanRequired(True),loan_fields.py
third_party_recoverable_corporate_advance_balance,LOAN,CurrencyDataDictField,ALWAYS_REQUIRED,BooleanRequired(True),investor_reporting_detail_fields.py
total_premium,INSURANCE,CurrencyDataDictField,ALWAYS_REQUIRED,BooleanRequired(True),internal_onboarding_insurance_fields.py
transaction_amount,TRANSACTION,CurrencyDataDictField,ALWAYS_REQUIRED,BooleanRequired(True),transaction_fields.py
transaction_description,TRANSACTION,StringDataDictField,ALWAYS_REQUIRED,BooleanRequired(True),transaction_fields.py
transaction_escrow_amount,TRANSACTION,CurrencyDataDictField,ALWAYS_REQUIRED,BooleanRequired(True),transaction_fields.py
transaction_interest_amount,TRANSACTION,CurrencyDataDictField,ALWAYS_REQUIRED,BooleanRequired(True),transaction_fields.py
transaction_principal_amount,TRANSACTION,CurrencyDataDictField,ALWAYS_REQUIRED,BooleanRequired(True),transaction_fields.py
transaction_process_date,TRANSACTION,DateDataDictField,ALWAYS_REQUIRED,BooleanRequired(True),transaction_fields.py
transaction_sequence_number,TRANSACTION,IntDataDictField,ALWAYS_REQUIRED,BooleanRequired(True),transaction_fields.py
undergoing_assumption,LOAN,BooleanDataDictField,ALWAYS_REQUIRED,BooleanRequired(True),loan_events_flags_fields.py
valon_expense_id,EXPENSE,StringDataDictField,ALWAYS_REQUIRED,BooleanRequired(True),expense_fields.py
valon_loan_number,LOAN,NonDecimalStringDataDictField,ALWAYS_REQUIRED,BooleanRequired(True),loan_fields.py
account_number,LOAN,NonDecimalStringDataDictField,CONDITIONALLY_REQUIRED,DependencyFieldIsTrue,loan_fields.py
account_type,LOAN,LiteralDataDictField,CONDITIONALLY_REQUIRED,DependencyFieldIsTrue,loan_fields.py
amortization_term,LOAN,IntDataDictField,CONDITIONALLY_REQUIRED,DependencyFieldValueNotInSet,loan_fields.py
annual_mip_rate,LOAN,PercentageDataDictField,CONDITIONALLY_REQUIRED,DependencyFieldValueEqualsTarget,gnma_fields.py
application_date,LOAN,DateDataDictField,CONDITIONALLY_REQUIRED,DependencyFieldIsTrue,loan_fields.py
arm_carryover,LOAN,RateDataDictField,CONDITIONALLY_REQUIRED,DependencyFieldValueInSet; DependencyFieldValueNotInSet,arm_loan_fields.py
arm_carryover_type,LOAN,LiteralDataDictField,CONDITIONALLY_REQUIRED,DependencyFieldValueInSet,arm_loan_fields.py
arm_current_period_interest_rate,LOAN,RateDataDictField,CONDITIONALLY_REQUIRED,DependencyFieldValueInSet,arm_loan_fields.py
arm_current_period_pi_amount,LOAN,CurrencyDataDictField,CONDITIONALLY_REQUIRED,DependencyFieldValueInSet,arm_loan_fields.py
arm_first_max_per_change,LOAN,RateDataDictField,CONDITIONALLY_REQUIRED,DependencyFieldValueInSet,arm_loan_fields.py
arm_first_min_per_change,LOAN,RateDataDictField,CONDITIONALLY_REQUIRED,DependencyFieldValueInSet,arm_loan_fields.py
arm_first_payment_change_date,LOAN,DateDataDictField,CONDITIONALLY_REQUIRED,DependencyFieldValueInSet,arm_loan_fields.py
arm_index,LOAN,LiteralDataDictField,CONDITIONALLY_REQUIRED,DependencyFieldValueInSet,arm_loan_fields.py
arm_index_round_method,LOAN,LiteralDataDictField,CONDITIONALLY_REQUIRED,DependencyFieldValueInSet,arm_loan_fields.py
arm_index_rounding_factor,LOAN,RateDataDictField,CONDITIONALLY_REQUIRED,DependencyFieldValueInSet,arm_loan_fields.py
arm_lifetime_max_rate,LOAN,RateDataDictField,CONDITIONALLY_REQUIRED,DependencyFieldValueInSet,arm_loan_fields.py
arm_lifetime_min_rate,LOAN,RateDataDictField,CONDITIONALLY_REQUIRED,DependencyFieldValueInSet,arm_loan_fields.py
arm_look_back_period_days,LOAN,IntDataDictField,CONDITIONALLY_REQUIRED,DependencyFieldValueInSet; DependencyFieldValueInSet,arm_loan_fields.py
arm_look_back_period_months,LOAN,IntDataDictField,CONDITIONALLY_REQUIRED,DependencyFieldValueInSet; DependencyFieldValueInSet,arm_loan_fields.py
arm_look_back_period_time_unit,LOAN,LiteralDataDictField,CONDITIONALLY_REQUIRED,DependencyFieldValueInSet,arm_loan_fields.py
arm_margin,LOAN,RateDataDictField,CONDITIONALLY_REQUIRED,DependencyFieldValueInSet,arm_loan_fields.py
arm_next_payment_change_date,LOAN,DateDataDictField,CONDITIONALLY_REQUIRED,DependencyFieldValueInSet,arm_loan_fields.py
arm_payment_change_frequency_thereafter,LOAN,IntDataDictField,CONDITIONALLY_REQUIRED,DependencyFieldValueInSet,arm_loan_fields.py
arm_rate_change_frequency_thereafter,LOAN,IntDataDictField,CONDITIONALLY_REQUIRED,DependencyFieldValueInSet,arm_loan_fields.py
arm_subsequent_max_per_change,LOAN,RateDataDictField,CONDITIONALLY_REQUIRED,DependencyFieldValueInSet,arm_loan_fields.py
arm_subsequent_min_per_change,LOAN,RateDataDictField,CONDITIONALLY_REQUIRED,DependencyFieldValueInSet,arm_loan_fields.py
arm_upcoming_interest_rate,LOAN,RateDataDictField,CONDITIONALLY_REQUIRED,DependencyFieldDateOnOrAfterComparisonFieldDateWithOffset; DependencyFieldDateOnOrBeforeComparisonFieldDateWithOffset,arm_loan_fields.py
arm_upcoming_pi_amount,LOAN,CurrencyDataDictField,CONDITIONALLY_REQUIRED,DependencyFieldDateOnOrAfterComparisonFieldDateWithOffset; DependencyFieldDateOnOrBeforeComparisonFieldDateWithOffset,arm_loan_fields.py
auto_pay_payment_frequency,LOAN,LiteralDataDictField,CONDITIONALLY_REQUIRED,DependencyFieldIsTrue,loan_fields.py
borrower_entity_scra_start_date,BORROWER,DateDataDictField,CONDITIONALLY_REQUIRED,DependencyFieldValueIsNotEmpty,borrower_fields.py
borrower_ethnicity,LOAN,LiteralDataDictField,CONDITIONALLY_REQUIRED,DependencyFieldDateOnOrAfterDate; DependencyFieldValueInSet,loan_borrower_fields.py
borrower_gender,LOAN,LiteralDataDictField,CONDITIONALLY_REQUIRED,DependencyFieldDateOnOrAfterDate,loan_borrower_fields.py
borrower_preferred_language,LOAN,LiteralDataDictField,CONDITIONALLY_REQUIRED,DependencyFieldDateOnOrAfterDate; DependencyFieldValueNotInSet,loan_borrower_fields.py
borrower_race,LOAN,LiteralDataDictField,CONDITIONALLY_REQUIRED,DependencyFieldDateOnOrAfterDate; DependencyFieldValueInSet,loan_borrower_fields.py
borrower_scra_start_date,LOAN,DateDataDictField,CONDITIONALLY_REQUIRED,DependencyFieldValueIsNotEmpty,loan_fields.py
borrower_tax_id,LOAN,StringDataDictField,CONDITIONALLY_REQUIRED,DependencyFieldValueInSet,loan_borrower_fields.py
co_borrower_ethnicity,LOAN,LiteralDataDictField,CONDITIONALLY_REQUIRED,DependencyFieldValueIsNotEmpty; DependencyFieldDateOnOrAfterDate; DependencyFieldValueInSet,loan_co_borrower_fields.py
co_borrower_gender,LOAN,LiteralDataDictField,CONDITIONALLY_REQUIRED,DependencyFieldValueIsNotEmpty; DependencyFieldDateOnOrAfterDate,loan_co_borrower_fields.py
co_borrower_last_name,LOAN,StringDataDictField,CONDITIONALLY_REQUIRED,DependencyFieldValueIsNotEmpty,loan_co_borrower_fields.py
co_borrower_mailing_address_1,LOAN,StringDataDictField,CONDITIONALLY_REQUIRED,DependencyFieldValueIsNotEmpty,loan_co_borrower_fields.py
co_borrower_mailing_city,LOAN,StringDataDictField,CONDITIONALLY_REQUIRED,DependencyFieldValueIsNotEmpty,loan_co_borrower_fields.py
co_borrower_mailing_state,LOAN,LiteralDataDictField,CONDITIONALLY_REQUIRED,DependencyFieldValueIsNotEmpty,loan_co_borrower_fields.py
co_borrower_mailing_zipcode,LOAN,StringDataDictField,CONDITIONALLY_REQUIRED,DependencyFieldValueIsNotEmpty,loan_co_borrower_fields.py
co_borrower_preferred_language,LOAN,LiteralDataDictField,CONDITIONALLY_REQUIRED,DependencyFieldValueIsNotEmpty; DependencyFieldDateOnOrAfterDate; DependencyFieldValueNotInSet,loan_co_borrower_fields.py
co_borrower_race,LOAN,LiteralDataDictField,CONDITIONALLY_REQUIRED,DependencyFieldValueIsNotEmpty; DependencyFieldDateOnOrAfterDate; DependencyFieldValueInSet,loan_co_borrower_fields.py
co_borrower_scra_start_date,LOAN,DateDataDictField,CONDITIONALLY_REQUIRED,DependencyFieldValueIsNotEmpty,loan_fields.py
co_borrower_tax_id,LOAN,StringDataDictField,CONDITIONALLY_REQUIRED,DependencyFieldValueInSet,loan_co_borrower_fields.py
co_borrower_tax_id_type,LOAN,LiteralDataDictField,CONDITIONALLY_REQUIRED,DependencyFieldValueIsNotEmpty,loan_co_borrower_fields.py
co_borrower_type,LOAN,LiteralDataDictField,CONDITIONALLY_REQUIRED,DependencyFieldValueIsNotEmpty,loan_co_borrower_fields.py
combined_ltv_ratio_percent,LOAN,PercentageDataDictField,CONDITIONALLY_REQUIRED,DependencyFieldValueEqualsTarget; DependencyFieldValueEqualsTarget,gnma_fields.py
current_escrow_payment,LOAN,CurrencyDataDictField,CONDITIONALLY_REQUIRED,DependencyFieldIsTrue,escrow_fields.py
current_insurance_payment,LOAN,CurrencyDataDictField,CONDITIONALLY_REQUIRED,DependencyFieldIsTrue,loan_fields.py
current_tax_payment,LOAN,CurrencyDataDictField,CONDITIONALLY_REQUIRED,DependencyFieldIsTrue,loan_fields.py
dart_id,LOAN,NonDecimalStringDataDictField,CONDITIONALLY_REQUIRED,DependencyFieldValueEqualsTarget,heloc_fields.py
date_interest_accrual_start,LOAN,DateDataDictField,CONDITIONALLY_REQUIRED,DependencyFieldValueInSet,heloc_fields.py
debt_service_ratio,LOAN,DecimalDataDictField,CONDITIONALLY_REQUIRED,DependencyFieldValueEqualsTarget; DependencyFieldValueEqualsTarget,gnma_fields.py
debt_status,BANKRUPTCY,LiteralDataDictField,CONDITIONALLY_REQUIRED,DependencyFieldValueInSet,bankruptcy_fields.py
escrow_schedule_change_payment_1,LOAN,CurrencyDataDictField,CONDITIONALLY_REQUIRED,DependencyFieldValueIsNotEmpty,escrow_fields.py
escrow_schedule_change_payment_2,LOAN,CurrencyDataDictField,CONDITIONALLY_REQUIRED,DependencyFieldValueIsNotEmpty,escrow_fields.py
fcra_compliance_date_of_first_dq,LOAN,DateDataDictField,CONDITIONALLY_REQUIRED,DependencyFieldValueIsNotEmpty; DependencyFieldValueGreaterThan,credit_bureau_fields.py
first_time_home_buyer,LOAN,BooleanDataDictField,CONDITIONALLY_REQUIRED,DependencyFieldValueEqualsTarget; DependencyFieldValueEqualsTarget; DependencyFieldValueEqualsTarget,loan_borrower_fields.py
first_time_vacant_date,LOAN,DateDataDictField,CONDITIONALLY_REQUIRED,DependencyFieldValueInSet,property_fields.py
foreclosure_loss_risk_code,LOAN,LiteralDataDictField,CONDITIONALLY_REQUIRED,DependencyFieldValueEqualsTarget,investor_reporting_detail_fields.py
freddie_servicer_number,LOAN,NonDecimalStringDataDictField,CONDITIONALLY_REQUIRED,DependencyFieldValueInSet; DependencyFieldValueInSet,investor_reporting_detail_fields.py
gnma_document_custodian_id,LOAN,NonDecimalStringDataDictField,CONDITIONALLY_REQUIRED,DependencyFieldValueEqualsTarget; DependencyFieldValueEqualsTarget,gnma_fields.py
gnma_loan_purpose,LOAN,LiteralDataDictField,CONDITIONALLY_REQUIRED,DependencyFieldValueEqualsTarget; DependencyFieldValueEqualsTarget,gnma_fields.py
gnma_refinance_type,LOAN,LiteralDataDictField,CONDITIONALLY_REQUIRED,DependencyFieldValueEqualsTarget; DependencyFieldValueEqualsTarget,gnma_fields.py
government_agency_type,LOAN,LiteralDataDictField,CONDITIONALLY_REQUIRED,DependencyFieldValueInSet,investor_reporting_detail_fields.py
government_insuring_agency_case_number,LOAN,NonDecimalStringDataDictField,CONDITIONALLY_REQUIRED,DependencyFieldValueEqualsTarget,investor_reporting_detail_fields.py
government_insuring_agency_program,LOAN,LiteralDataDictField,CONDITIONALLY_REQUIRED,DependencyFieldValueIsNotEmpty,investor_reporting_detail_fields.py
guaranty_fee_rate,LOAN,PercentageDataDictField,CONDITIONALLY_REQUIRED,DependencyFieldValueEqualsTarget; DependencyFieldValueEqualsTarget,investor_reporting_detail_fields.py
heloc_additional_draws_allowed,LOAN,BooleanDataDictField,CONDITIONALLY_REQUIRED,DependencyFieldValueInSet,heloc_fields.py
heloc_additional_draws_max,LOAN,DecimalDataDictField,CONDITIONALLY_REQUIRED,DependencyFieldValueInSet,heloc_fields.py
heloc_additional_draws_min,LOAN,DecimalDataDictField,CONDITIONALLY_REQUIRED,DependencyFieldValueInSet,heloc_fields.py
heloc_available_fund_config,LOAN,LiteralDataDictField,CONDITIONALLY_REQUIRED,DependencyFieldValueInSet,heloc_fields.py
heloc_discount,LOAN,RateDataDictField,CONDITIONALLY_REQUIRED,DependencyFieldValueInSet,heloc_fields.py
heloc_draw_period_end,LOAN,DateDataDictField,CONDITIONALLY_REQUIRED,DependencyFieldValueInSet,heloc_fields.py
heloc_draw_period_start,LOAN,DateDataDictField,CONDITIONALLY_REQUIRED,DependencyFieldValueInSet,heloc_fields.py
heloc_index,LOAN,LiteralDataDictField,CONDITIONALLY_REQUIRED,DependencyFieldValueInSet,heloc_fields.py
heloc_index_methodology,LOAN,LiteralDataDictField,CONDITIONALLY_REQUIRED,DependencyFieldValueInSet,heloc_fields.py
heloc_margin,LOAN,RateDataDictField,CONDITIONALLY_REQUIRED,DependencyFieldValueInSet,heloc_fields.py
heloc_original_credit_limit,LOAN,DecimalDataDictField,CONDITIONALLY_REQUIRED,DependencyFieldValueInSet,heloc_fields.py
heloc_origination_fee_fixed,LOAN,DecimalDataDictField,CONDITIONALLY_REQUIRED,DependencyFieldValueInSet,heloc_fields.py
heloc_product_type,LOAN,LiteralDataDictField,CONDITIONALLY_REQUIRED,DependencyFieldValueInSet,heloc_fields.py
heloc_rate_max,LOAN,RateDataDictField,CONDITIONALLY_REQUIRED,BooleanRequired(False); DependencyFieldValueInSet,heloc_fields.py
heloc_rate_min,LOAN,RateDataDictField,CONDITIONALLY_REQUIRED,DependencyFieldValueInSet,heloc_fields.py
heloc_repayment_period_end,LOAN,DateDataDictField,CONDITIONALLY_REQUIRED,DependencyFieldValueInSet,heloc_fields.py
heloc_repayment_period_start,LOAN,DateDataDictField,CONDITIONALLY_REQUIRED,DependencyFieldValueInSet,heloc_fields.py
heloc_revolving,LOAN,BooleanDataDictField,CONDITIONALLY_REQUIRED,DependencyFieldValueInSet,heloc_fields.py
interest_only_term,LOAN,IntDataDictField,CONDITIONALLY_REQUIRED,DependencyFieldValueInSet,loan_fields.py
ir_fannie_loan_number,LOAN,NonDecimalStringDataDictField,CONDITIONALLY_REQUIRED,DependencyFieldValueInSet; DependencyFieldValueInSet,investor_reporting_detail_fields.py
ir_fannie_mortgage_loan_type,LOAN,LiteralDataDictField,CONDITIONALLY_REQUIRED,DependencyFieldValueInSet; DependencyFieldValueInSet,investor_reporting_detail_fields.py
ir_fannie_servicer_number,LOAN,NonDecimalStringDataDictField,CONDITIONALLY_REQUIRED,DependencyFieldValueInSet; DependencyFieldValueInSet,investor_reporting_detail_fields.py
ir_freddie_loan_number,LOAN,NonDecimalStringDataDictField,CONDITIONALLY_REQUIRED,DependencyFieldValueInSet; DependencyFieldValueInSet,investor_reporting_detail_fields.py
ir_master_servicing_fee_percentage,LOAN,PercentageDataDictField,CONDITIONALLY_REQUIRED,DependencyFieldValueInSet; DependencyFieldValueInSet,investor_reporting_detail_fields.py
ir_remittance_schedule,LOAN,LiteralDataDictField,CONDITIONALLY_REQUIRED,DependencyFieldValueInSet; DependencyFieldValueInSet,investor_reporting_detail_fields.py
is_dart,LOAN,BooleanDataDictField,CONDITIONALLY_REQUIRED,DependencyFieldValueInSet,heloc_fields.py
is_mom,LOAN,BooleanDataDictField,CONDITIONALLY_REQUIRED,DependencyFieldValueIsNotEmpty,loan_fields.py
is_scra_rate_capped,LOAN,BooleanDataDictField,CONDITIONALLY_REQUIRED,DependencyFieldValueIsNotEmpty,loan_fields.py
last_escrow_analysis_date,LOAN,DateDataDictField,CONDITIONALLY_REQUIRED,DependencyFieldValueIsNotEmpty; DependencyFieldValueGreaterThan,escrow_fields.py
lender_originator_company_mailing_address_city,LOAN,StringDataDictField,CONDITIONALLY_REQUIRED,DependencyFieldValueIsNotEmpty,loan_fields.py
lender_originator_company_mailing_address_state,LOAN,LiteralDataDictField,CONDITIONALLY_REQUIRED,DependencyFieldValueIsNotEmpty,loan_fields.py
lender_originator_company_mailing_address_zipcode,LOAN,StringDataDictField,CONDITIONALLY_REQUIRED,DependencyFieldValueIsNotEmpty,loan_fields.py
mers_min_status,LOAN,LiteralDataDictField,CONDITIONALLY_REQUIRED,DependencyFieldValueIsNotEmpty,loan_fields.py
mers_originating_org_id,LOAN,NonDecimalStringDataDictField,CONDITIONALLY_REQUIRED,DependencyFieldIsTrue,loan_fields.py
mi_renewal_frequency,LOAN,LiteralDataDictField,CONDITIONALLY_REQUIRED,DependencyFieldValueEqualsTarget; DependencyFieldValueNotEqualsTarget,gnma_fields.py
mortgage_assistance_first_payment_due_date,MORTGAGE_ASSISTANCE_PLAN,DateDataDictField,CONDITIONALLY_REQUIRED,DependencyFieldValueInSet,mortgage_assistance_plan_fields.py
mortgage_assistance_last_payment_due_date,MORTGAGE_ASSISTANCE_PLAN,DateDataDictField,CONDITIONALLY_REQUIRED,DependencyFieldValueInSet,mortgage_assistance_plan_fields.py
mortgage_assistance_plan_payment_amount,MORTGAGE_ASSISTANCE_PLAN,CurrencyDataDictField,CONDITIONALLY_REQUIRED,DependencyFieldValueInSet,mortgage_assistance_plan_fields.py
mortgage_insurance_certificate_number,LOAN,NonDecimalStringDataDictField,CONDITIONALLY_REQUIRED,DependencyFieldIsTrue,loan_insurance_fields.py
mortgage_insurance_company_name,LOAN,LiteralDataDictField,CONDITIONALLY_REQUIRED,DependencyFieldIsTrue; DependencyFieldValueInSet,loan_insurance_fields.py
mortgage_insurance_payer,LOAN,LiteralDataDictField,CONDITIONALLY_REQUIRED,DependencyFieldIsTrue,loan_insurance_fields.py
mortgage_insurance_premium,LOAN,CurrencyDataDictField,CONDITIONALLY_REQUIRED,DependencyFieldIsTrue,loan_insurance_fields.py
next_mi_premium_due_date,LOAN,DateDataDictField,CONDITIONALLY_REQUIRED,DependencyFieldIsTrue,loan_insurance_fields.py
non_borrower_type,NON_BORROWER,LiteralDataDictField,CONDITIONALLY_REQUIRED,DependencyFieldValueIsNotEmpty,loan_non_borrower_fields.py
non_conforming_agency_type,LOAN,LiteralDataDictField,CONDITIONALLY_REQUIRED,DependencyFieldValueInSet,investor_reporting_detail_fields.py
other_agency_type,LOAN,LiteralDataDictField,CONDITIONALLY_REQUIRED,DependencyFieldValueInSet,investor_reporting_detail_fields.py
pool_accrual_rate,LOAN,RateDataDictField,CONDITIONALLY_REQUIRED,DependencyFieldValueEqualsTarget; DependencyFieldValueEqualsTarget; DependencyFieldValueEqualsTarget,investor_reporting_detail_fields.py
pool_remittance_date,LOAN,IntDataDictField,CONDITIONALLY_REQUIRED,DependencyFieldValueEqualsTarget; DependencyFieldValueEqualsTarget,investor_reporting_detail_fields.py
pool_remittance_date_type,LOAN,LiteralDataDictField,CONDITIONALLY_REQUIRED,DependencyFieldValueEqualsTarget; DependencyFieldValueEqualsTarget,investor_reporting_detail_fields.py
pool_type,LOAN,LiteralDataDictField,CONDITIONALLY_REQUIRED,DependencyFieldValueEqualsTarget; DependencyFieldValueEqualsTarget,investor_reporting_detail_fields.py
pre_modification_first_installment_due_date,LOAN,DateDataDictField,CONDITIONALLY_REQUIRED,DependencyFieldValueEqualsTarget; DependencyFieldValueInSet,gnma_fields.py
pre_modification_interest_rate_percent,LOAN,PercentageDataDictField,CONDITIONALLY_REQUIRED,DependencyFieldValueEqualsTarget; DependencyFieldValueInSet,gnma_fields.py
pre_modification_loan_maturity_date,LOAN,DateDataDictField,CONDITIONALLY_REQUIRED,DependencyFieldValueEqualsTarget; DependencyFieldValueInSet,gnma_fields.py
pre_modification_original_principal_balance_amount,LOAN,DecimalDataDictField,CONDITIONALLY_REQUIRED,DependencyFieldValueEqualsTarget; DependencyFieldValueInSet,gnma_fields.py
prepaid_taxes_dollars,LOAN,CurrencyDataDictField,CONDITIONALLY_REQUIRED,DependencyFieldDateOnOrAfterComparisonFieldDateWithOffset,loan_fields.py
prepayment_penalty_charge,LOAN,DecimalDataDictField,CONDITIONALLY_REQUIRED,DependencyFieldValueNotInSet,loan_fields.py
prepayment_penalty_term,LOAN,IntDataDictField,CONDITIONALLY_REQUIRED,DependencyFieldValueNotInSet,loan_fields.py
prime_conforming_agency_type,LOAN,LiteralDataDictField,CONDITIONALLY_REQUIRED,DependencyFieldValueInSet,investor_reporting_detail_fields.py
prior_corelogic_customer_id,LOAN,NonDecimalStringDataDictField,CONDITIONALLY_REQUIRED,DependencyFieldValueEqualsTarget,loan_fields.py
prior_corelogic_loan_id,LOAN,NonDecimalStringDataDictField,CONDITIONALLY_REQUIRED,DependencyFieldValueEqualsTarget,loan_fields.py
prior_servicer_glba_opt_out,LOAN,LiteralDataDictField,CONDITIONALLY_REQUIRED,DependencyFieldValueEqualsTarget,loan_fields.py
recast_pi_amount,LOAN,CurrencyDataDictField,CONDITIONALLY_REQUIRED,DependencyFieldDateOnOrAfterComparisonFieldDateWithOffset,loan_fields.py
remittance_cycle,LOAN,LiteralDataDictField,CONDITIONALLY_REQUIRED,DependencyFieldValueEqualsTarget; DependencyFieldValueEqualsTarget,investor_reporting_detail_fields.py
requested_draft_day_first,LOAN,IntDataDictField,CONDITIONALLY_REQUIRED,DependencyFieldIsTrue,loan_fields.py
requested_draft_day_second,LOAN,IntDataDictField,CONDITIONALLY_REQUIRED,DependencyFieldIsTrue; DependencyFieldValueEqualsTarget,loan_fields.py
routing_number,LOAN,StringDataDictField,CONDITIONALLY_REQUIRED,DependencyFieldIsTrue,loan_fields.py
scra_uncapped_interest_rate,LOAN,PercentageDataDictField,CONDITIONALLY_REQUIRED,DependencyFieldIsTrue,loan_fields.py
servicing_strip_rate,LOAN,RateDataDictField,CONDITIONALLY_REQUIRED,DependencyFieldIsTrue,loan_fields.py
third_party_origination_type,LOAN,LiteralDataDictField,CONDITIONALLY_REQUIRED,DependencyFieldValueEqualsTarget; DependencyFieldValueEqualsTarget,gnma_fields.py
total_debt_expense_ratio_percent,LOAN,PercentageDataDictField,CONDITIONALLY_REQUIRED,DependencyFieldValueEqualsTarget; DependencyFieldValueEqualsTarget,gnma_fields.py
wisconsin_tax_option,LOAN,LiteralDataDictField,CONDITIONALLY_REQUIRED,DependencyFieldValueEqualsTarget; DependencyFieldIsTrue,loan_fields.py
additional_escrow,LOAN,CurrencyDataDictField,NOT_REQUIRED,BooleanRequired(False),loan_fields.py
additional_principal,LOAN,CurrencyDataDictField,NOT_REQUIRED,BooleanRequired(False),loan_fields.py
aom_is_recorded_copy,LOAN,BooleanDataDictField,NOT_REQUIRED,BooleanRequired(False),loan_fields.py
appraisal_replacement_cost,INSURANCE,CurrencyDataDictField,NOT_REQUIRED,BooleanRequired(False),internal_onboarding_insurance_fields.py
arm_conversion_fee,LOAN,RateDataDictField,NOT_REQUIRED,BooleanRequired(False),arm_loan_fields.py
arm_conversion_period,LOAN,IntDataDictField,NOT_REQUIRED,BooleanRequired(False),arm_loan_fields.py
arm_max_payment_after_first_payment_change,LOAN,CurrencyDataDictField,NOT_REQUIRED,BooleanRequired(False),arm_loan_fields.py
arm_max_subsequent_payment_change,LOAN,CurrencyDataDictField,NOT_REQUIRED,BooleanRequired(False),arm_loan_fields.py
arm_min_payment_after_first_payment_change,LOAN,CurrencyDataDictField,NOT_REQUIRED,BooleanRequired(False),arm_loan_fields.py
arm_min_subsequent_payment_change,LOAN,CurrencyDataDictField,NOT_REQUIRED,BooleanRequired(False),arm_loan_fields.py
bankruptcy_court_case_status,BANKRUPTCY,LiteralDataDictField,NOT_REQUIRED,BooleanRequired(False),bankruptcy_fields.py
bankruptcy_court_district,BANKRUPTCY,IntDataDictField,NOT_REQUIRED,BooleanRequired(False),bankruptcy_fields.py
bankruptcy_date_converted,BANKRUPTCY,DateDataDictField,NOT_REQUIRED,BooleanRequired(False),bankruptcy_fields.py
bankruptcy_date_discharged,BANKRUPTCY,DateDataDictField,NOT_REQUIRED,BooleanRequired(False),bankruptcy_fields.py
bankruptcy_date_dismissed,BANKRUPTCY,DateDataDictField,NOT_REQUIRED,BooleanRequired(False),bankruptcy_fields.py
bankruptcy_date_withdrawn,BANKRUPTCY,DateDataDictField,NOT_REQUIRED,BooleanRequired(False),bankruptcy_fields.py
bankruptcy_termination_date,BANKRUPTCY,DateDataDictField,NOT_REQUIRED,BooleanRequired(False),bankruptcy_fields.py
billing_day,LOAN,IntDataDictField,NOT_REQUIRED,BooleanRequired(False),heloc_fields.py
borrower_date_of_birth,LOAN,DateDataDictField,NOT_REQUIRED,BooleanRequired(False),loan_borrower_fields.py
borrower_deceased_date,LOAN,DateDataDictField,NOT_REQUIRED,BooleanRequired(False),loan_borrower_fields.py
borrower_email_address,LOAN,StringDataDictField,NOT_REQUIRED,BooleanRequired(False),loan_borrower_fields.py
borrower_entity_date_of_birth,BORROWER,DateDataDictField,NOT_REQUIRED,BooleanRequired(False),borrower_fields.py
borrower_entity_deceased_date,BORROWER,DateDataDictField,NOT_REQUIRED,BooleanRequired(False),borrower_fields.py
borrower_entity_email_address,BORROWER,StringDataDictField,NOT_REQUIRED,BooleanRequired(False),borrower_fields.py
borrower_entity_ethnicity,BORROWER,LiteralDataDictField,NOT_REQUIRED,BooleanRequired(False),borrower_fields.py
borrower_entity_gender,BORROWER,LiteralDataDictField,NOT_REQUIRED,BooleanRequired(False),borrower_fields.py
borrower_entity_mailing_address_2,BORROWER,StringDataDictField,NOT_REQUIRED,BooleanRequired(False),borrower_fields.py
borrower_entity_middle_name,BORROWER,StringDataDictField,NOT_REQUIRED,BooleanRequired(False),borrower_fields.py
borrower_entity_originating_fico,BORROWER,IntDataDictField,NOT_REQUIRED,BooleanRequired(False),borrower_fields.py
borrower_entity_originating_fico_date,BORROWER,DateDataDictField,NOT_REQUIRED,BooleanRequired(False),borrower_fields.py
borrower_entity_phone_number_cell,BORROWER,PhoneNumberDataDictField,NOT_REQUIRED,BooleanRequired(False),borrower_fields.py
borrower_entity_phone_number_home,BORROWER,PhoneNumberDataDictField,NOT_REQUIRED,BooleanRequired(False),borrower_fields.py
borrower_entity_phone_number_work,BORROWER,PhoneNumberDataDictField,NOT_REQUIRED,BooleanRequired(False),borrower_fields.py
borrower_entity_preferred_language,BORROWER,LiteralDataDictField,NOT_REQUIRED,BooleanRequired(False),borrower_fields.py
borrower_entity_primary_phone_number_type,BORROWER,LiteralDataDictField,NOT_REQUIRED,BooleanRequired(False),borrower_fields.py
borrower_entity_race,BORROWER,LiteralDataDictField,NOT_REQUIRED,BooleanRequired(False),borrower_fields.py
borrower_entity_scra_end_date,BORROWER,DateDataDictField,NOT_REQUIRED,BooleanRequired(False),borrower_fields.py
borrower_entity_suffix,BORROWER,LiteralDataDictField,NOT_REQUIRED,BooleanRequired(False),borrower_fields.py
borrower_mailing_address_2,LOAN,StringDataDictField,NOT_REQUIRED,BooleanRequired(False),loan_borrower_fields.py
borrower_middle_name,LOAN,StringDataDictField,NOT_REQUIRED,BooleanRequired(False),loan_borrower_fields.py
borrower_originating_fico,LOAN,IntDataDictField,NOT_REQUIRED,BooleanRequired(False),loan_borrower_fields.py
borrower_phone_number_cell,LOAN,PhoneNumberDataDictField,NOT_REQUIRED,BooleanRequired(False),loan_borrower_fields.py
borrower_phone_number_home,LOAN,PhoneNumberDataDictField,NOT_REQUIRED,BooleanRequired(False),loan_borrower_fields.py
borrower_phone_number_work,LOAN,PhoneNumberDataDictField,NOT_REQUIRED,BooleanRequired(False),loan_borrower_fields.py
borrower_primary_phone_number_type,LOAN,LiteralDataDictField,NOT_REQUIRED,BooleanRequired(False),loan_borrower_fields.py
borrower_scra_end_date,LOAN,DateDataDictField,NOT_REQUIRED,BooleanRequired(False),loan_fields.py
borrower_suffix,LOAN,LiteralDataDictField,NOT_REQUIRED,BooleanRequired(False),loan_borrower_fields.py
broker_agent_email,INSURANCE,StringDataDictField,NOT_REQUIRED,BooleanRequired(False),internal_onboarding_insurance_fields.py
broker_agent_name,INSURANCE,StringDataDictField,NOT_REQUIRED,BooleanRequired(False),internal_onboarding_insurance_fields.py
broker_agent_number,INSURANCE,PhoneNumberDataDictField,NOT_REQUIRED,BooleanRequired(False),internal_onboarding_insurance_fields.py
broker_name,INSURANCE,StringDataDictField,NOT_REQUIRED,BooleanRequired(False),internal_onboarding_insurance_fields.py
broker_phone_number,INSURANCE,PhoneNumberDataDictField,NOT_REQUIRED,BooleanRequired(False),internal_onboarding_insurance_fields.py
buydown_balance,LOAN,CurrencyDataDictField,NOT_REQUIRED,BooleanRequired(False),escrow_fields.py
cease_and_desist,LOAN,BooleanDataDictField,NOT_REQUIRED,BooleanRequired(False),loan_events_flags_fields.py
client_group_id,LOAN,NonDecimalStringDataDictField,NOT_REQUIRED,BooleanRequired(False),investor_reporting_detail_fields.py
co_borrower_date_of_birth,LOAN,DateDataDictField,NOT_REQUIRED,BooleanRequired(False),loan_co_borrower_fields.py
co_borrower_deceased_date,LOAN,DateDataDictField,NOT_REQUIRED,BooleanRequired(False),loan_co_borrower_fields.py
co_borrower_email_address,LOAN,StringDataDictField,NOT_REQUIRED,BooleanRequired(False),loan_co_borrower_fields.py
co_borrower_first_name,LOAN,StringDataDictField,NOT_REQUIRED,BooleanRequired(False),loan_co_borrower_fields.py
co_borrower_mailing_address_2,LOAN,StringDataDictField,NOT_REQUIRED,BooleanRequired(False),loan_co_borrower_fields.py
co_borrower_middle_name,LOAN,StringDataDictField,NOT_REQUIRED,BooleanRequired(False),loan_co_borrower_fields.py
co_borrower_originating_fico,LOAN,IntDataDictField,NOT_REQUIRED,BooleanRequired(False),loan_co_borrower_fields.py
co_borrower_phone_number_cell,LOAN,PhoneNumberDataDictField,NOT_REQUIRED,BooleanRequired(False),loan_co_borrower_fields.py
co_borrower_phone_number_home,LOAN,PhoneNumberDataDictField,NOT_REQUIRED,BooleanRequired(False),loan_co_borrower_fields.py
co_borrower_phone_number_work,LOAN,PhoneNumberDataDictField,NOT_REQUIRED,BooleanRequired(False),loan_co_borrower_fields.py
co_borrower_scra_end_date,LOAN,DateDataDictField,NOT_REQUIRED,BooleanRequired(False),loan_fields.py
co_borrower_suffix,LOAN,LiteralDataDictField,NOT_REQUIRED,BooleanRequired(False),loan_co_borrower_fields.py
co_branding_brand_name,LOAN,LiteralDataDictField,NOT_REQUIRED,BooleanRequired(False),loan_fields.py
collateral_id,LOAN,StringDataDictField,NOT_REQUIRED,BooleanRequired(False),loan_fields.py
combined_ltv,LOAN,PercentageDataDictField,NOT_REQUIRED,BooleanRequired(False),loan_fields.py
coverage_amount,INSURANCE,CurrencyDataDictField,NOT_REQUIRED,BooleanRequired(False),internal_onboarding_insurance_fields.py
cumulative_months_forbearance,LOAN,IntDataDictField,NOT_REQUIRED,BooleanRequired(False),loan_fields.py
data_sharing_opt_out_request_date,LOAN,DateDataDictField,NOT_REQUIRED,BooleanRequired(False),loan_fields.py
date_debt_reaffirmation_filed,BANKRUPTCY,DateDataDictField,NOT_REQUIRED,BooleanRequired(False),bankruptcy_fields.py
date_of_borrower_originating_fico,LOAN,DateDataDictField,NOT_REQUIRED,BooleanRequired(False),loan_borrower_fields.py
days_past_due,LOAN,IntDataDictField,NOT_REQUIRED,BooleanRequired(False),loan_fields.py
debt_to_income_ratio,LOAN,DecimalDataDictField,NOT_REQUIRED,BooleanRequired(False),loan_borrower_fields.py
deductible_amount_1,INSURANCE,CurrencyDataDictField,NOT_REQUIRED,BooleanRequired(False),internal_onboarding_insurance_fields.py
destination_investor,LOAN,StringDataDictField,NOT_REQUIRED,BooleanRequired(False),loan_fields.py
down_payment_assistance,LOAN,BooleanDataDictField,NOT_REQUIRED,BooleanRequired(False),gnma_fields.py
draft_account_first_name,LOAN,StringDataDictField,NOT_REQUIRED,BooleanRequired(False),loan_fields.py
draft_account_last_name,LOAN,StringDataDictField,NOT_REQUIRED,BooleanRequired(False),loan_fields.py
escrow_schedule_change_date_1,LOAN,DateDataDictField,NOT_REQUIRED,BooleanRequired(False),escrow_fields.py
escrow_schedule_change_date_2,LOAN,DateDataDictField,NOT_REQUIRED,BooleanRequired(False),escrow_fields.py
expense_paid_date,EXPENSE,DateDataDictField,NOT_REQUIRED,BooleanRequired(False),expense_fields.py
first_forbearance_plan_date,LOAN,DateDataDictField,NOT_REQUIRED,BooleanRequired(False),loan_fields.py
forbearance_plan_type,MORTGAGE_ASSISTANCE_PLAN,LiteralDataDictField,NOT_REQUIRED,BooleanRequired(False),mortgage_assistance_plan_fields.py
foreclosure_first_legal_action_date,FORECLOSURE,DateDataDictField,NOT_REQUIRED,BooleanRequired(False),foreclosure_fields.py
foreclosure_sale_date_held,FORECLOSURE,DateDataDictField,NOT_REQUIRED,BooleanRequired(False),foreclosure_fields.py
foreclosure_scheduled_sale_date,FORECLOSURE,DateDataDictField,NOT_REQUIRED,BooleanRequired(False),foreclosure_fields.py
freddie_seller_id,LOAN,StringDataDictField,NOT_REQUIRED,BooleanRequired(False),loan_fields.py
funding_date,LOAN,DateDataDictField,NOT_REQUIRED,BooleanRequired(False),loan_fields.py
gem_percent_increase,LOAN,PercentageDataDictField,NOT_REQUIRED,BooleanRequired(False),gnma_fields.py
ginnie_pool_number,LOAN,NonDecimalStringDataDictField,NOT_REQUIRED,BooleanRequired(False),investor_reporting_detail_fields.py
ginnie_servicer_number,LOAN,NonDecimalStringDataDictField,NOT_REQUIRED,BooleanRequired(False),investor_reporting_detail_fields.py
gnma_pool_last_report_pool_fic,GNMA_POOL,CurrencyDataDictField,NOT_REQUIRED,BooleanRequired(False),gnma_pool_fields.py
gnma_pool_last_report_pool_principal,GNMA_POOL,CurrencyDataDictField,NOT_REQUIRED,BooleanRequired(False),gnma_pool_fields.py
gnma_pool_last_report_security_rpb,GNMA_POOL,CurrencyDataDictField,NOT_REQUIRED,BooleanRequired(False),gnma_pool_fields.py
gnma_pool_last_report_total_number_of_mortgages,GNMA_POOL,IntDataDictField,NOT_REQUIRED,BooleanRequired(False),gnma_pool_fields.py
gnma_pool_tax_id,GNMA_POOL,NonDecimalStringDataDictField,NOT_REQUIRED,BooleanRequired(False),gnma_pool_fields.py
government_agency_program_type,LOAN,LiteralDataDictField,NOT_REQUIRED,BooleanRequired(False),investor_reporting_detail_fields.py
hardship_type,MORTGAGE_ASSISTANCE_PLAN,LiteralDataDictField,NOT_REQUIRED,BooleanRequired(False),mortgage_assistance_plan_fields.py
heloc_draw_initial_draw_id,HELOC_DRAW,StringDataDictField,NOT_REQUIRED,BooleanRequired(False),heloc_draw_fields.py
heloc_draw_monthly_payment,HELOC_DRAW,DecimalDataDictField,NOT_REQUIRED,BooleanRequired(False),heloc_draw_fields.py
heloc_initial_daily_periodic_rate,LOAN,PercentageDataDictField,NOT_REQUIRED,BooleanRequired(False),heloc_fields.py
heloc_intangible_tax,LOAN,DecimalDataDictField,NOT_REQUIRED,BooleanRequired(False),heloc_fields.py
heloc_mortgage_tax,LOAN,DecimalDataDictField,NOT_REQUIRED,BooleanRequired(False),heloc_fields.py
hfa_indicator,LOAN,BooleanDataDictField,NOT_REQUIRED,BooleanRequired(False),loan_fields.py
hfa_partner_name,LOAN,StringDataDictField,NOT_REQUIRED,BooleanRequired(False),loan_fields.py
insurance_payee_code,INSURANCE,StringDataDictField,NOT_REQUIRED,BooleanRequired(False),internal_onboarding_insurance_fields.py
interest_bearing_upb,LOAN,CurrencyDataDictField,NOT_REQUIRED,BooleanRequired(False),loan_fields.py
iregistration_indicator,LOAN,BooleanDataDictField,NOT_REQUIRED,BooleanRequired(False),loan_fields.py
is_co_borrower_deceased,LOAN,BooleanDataDictField,NOT_REQUIRED,BooleanRequired(False),loan_co_borrower_fields.py
is_higher_priced_mortgage_loan,LOAN,BooleanDataDictField,NOT_REQUIRED,BooleanRequired(False),escrow_fields.py
late_charge_max,LOAN,CurrencyDataDictField,NOT_REQUIRED,BooleanRequired(False),loan_fields.py
late_charge_min,LOAN,CurrencyDataDictField,NOT_REQUIRED,BooleanRequired(False),loan_fields.py
legal_entity,LOAN,StringDataDictField,NOT_REQUIRED,BooleanRequired(False),loan_fields.py
legal_property_description,LOAN,TextDataDictField,NOT_REQUIRED,BooleanRequired(False),property_fields.py
lender_originator_company_mailing_address_1,LOAN,StringDataDictField,NOT_REQUIRED,BooleanRequired(False),loan_fields.py
lender_originator_company_mailing_address_2,LOAN,StringDataDictField,NOT_REQUIRED,BooleanRequired(False),loan_fields.py
lender_originator_company_phone_number,LOAN,PhoneNumberDataDictField,NOT_REQUIRED,BooleanRequired(False),loan_fields.py
loss_draft_proceeds_balance,LOAN,CurrencyDataDictField,NOT_REQUIRED,BooleanRequired(False),escrow_fields.py
marlin_entity,LOAN,StringDataDictField,NOT_REQUIRED,BooleanRequired(False),loan_borrower_fields.py
master_servicer_glba_opt_out,LOAN,LiteralDataDictField,NOT_REQUIRED,BooleanRequired(False),loan_fields.py
mers_id,LOAN,NonDecimalStringDataDictField,NOT_REQUIRED,BooleanRequired(False),loan_fields.py
modified_date_paid_through,MORTGAGE_ASSISTANCE_PLAN,DateDataDictField,NOT_REQUIRED,BooleanRequired(False),mortgage_assistance_plan_fields.py
monthly_payment_amount_discount_1,LOAN,DecimalDataDictField,NOT_REQUIRED,BooleanRequired(False),loan_fields.py
monthly_payment_amount_discount_2,LOAN,DecimalDataDictField,NOT_REQUIRED,BooleanRequired(False),loan_fields.py
monthly_payment_amount_discount_3,LOAN,DecimalDataDictField,NOT_REQUIRED,BooleanRequired(False),loan_fields.py
mortgage_assistance_date_accepted,MORTGAGE_ASSISTANCE_PLAN,DateDataDictField,NOT_REQUIRED,BooleanRequired(False),mortgage_assistance_plan_fields.py
mortgage_assistance_date_first_rpp_payment_received,MORTGAGE_ASSISTANCE_PLAN,DateDataDictField,NOT_REQUIRED,BooleanRequired(False),mortgage_assistance_plan_fields.py
mortgage_assistance_evaluation_date,MORTGAGE_ASSISTANCE_PLAN,DateDataDictField,NOT_REQUIRED,BooleanRequired(False),mortgage_assistance_plan_fields.py
mortgage_assistance_fifth_payment_amount_due,MORTGAGE_ASSISTANCE_PLAN,CurrencyDataDictField,NOT_REQUIRED,BooleanRequired(False),mortgage_assistance_plan_fields.py
mortgage_assistance_fifth_payment_amount_paid,MORTGAGE_ASSISTANCE_PLAN,CurrencyDataDictField,NOT_REQUIRED,BooleanRequired(False),mortgage_assistance_plan_fields.py
mortgage_assistance_fifth_payment_date_paid,MORTGAGE_ASSISTANCE_PLAN,DateDataDictField,NOT_REQUIRED,BooleanRequired(False),mortgage_assistance_plan_fields.py
mortgage_assistance_fifth_payment_due_date,MORTGAGE_ASSISTANCE_PLAN,DateDataDictField,NOT_REQUIRED,BooleanRequired(False),mortgage_assistance_plan_fields.py
mortgage_assistance_fifth_payment_status,MORTGAGE_ASSISTANCE_PLAN,StringDataDictField,NOT_REQUIRED,BooleanRequired(False),mortgage_assistance_plan_fields.py
mortgage_assistance_first_payment_amount_due,MORTGAGE_ASSISTANCE_PLAN,CurrencyDataDictField,NOT_REQUIRED,BooleanRequired(False),mortgage_assistance_plan_fields.py
mortgage_assistance_first_payment_amount_paid,MORTGAGE_ASSISTANCE_PLAN,CurrencyDataDictField,NOT_REQUIRED,BooleanRequired(False),mortgage_assistance_plan_fields.py
mortgage_assistance_first_payment_date_paid,MORTGAGE_ASSISTANCE_PLAN,DateDataDictField,NOT_REQUIRED,BooleanRequired(False),mortgage_assistance_plan_fields.py
mortgage_assistance_first_payment_status,MORTGAGE_ASSISTANCE_PLAN,StringDataDictField,NOT_REQUIRED,BooleanRequired(False),mortgage_assistance_plan_fields.py
mortgage_assistance_fourth_payment_amount_due,MORTGAGE_ASSISTANCE_PLAN,CurrencyDataDictField,NOT_REQUIRED,BooleanRequired(False),mortgage_assistance_plan_fields.py
mortgage_assistance_fourth_payment_amount_paid,MORTGAGE_ASSISTANCE_PLAN,CurrencyDataDictField,NOT_REQUIRED,BooleanRequired(False),mortgage_assistance_plan_fields.py
mortgage_assistance_fourth_payment_date_paid,MORTGAGE_ASSISTANCE_PLAN,DateDataDictField,NOT_REQUIRED,BooleanRequired(False),mortgage_assistance_plan_fields.py
mortgage_assistance_fourth_payment_due_date,MORTGAGE_ASSISTANCE_PLAN,DateDataDictField,NOT_REQUIRED,BooleanRequired(False),mortgage_assistance_plan_fields.py
mortgage_assistance_fourth_payment_status,MORTGAGE_ASSISTANCE_PLAN,StringDataDictField,NOT_REQUIRED,BooleanRequired(False),mortgage_assistance_plan_fields.py
mortgage_assistance_plan_subtype,MORTGAGE_ASSISTANCE_PLAN,LiteralDataDictField,NOT_REQUIRED,BooleanRequired(False),mortgage_assistance_plan_fields.py
mortgage_assistance_plan_type,MORTGAGE_ASSISTANCE_PLAN,LiteralDataDictField,NOT_REQUIRED,BooleanRequired(False),mortgage_assistance_plan_fields.py
mortgage_assistance_second_payment_amount_due,MORTGAGE_ASSISTANCE_PLAN,CurrencyDataDictField,NOT_REQUIRED,BooleanRequired(False),mortgage_assistance_plan_fields.py
mortgage_assistance_second_payment_amount_paid,MORTGAGE_ASSISTANCE_PLAN,CurrencyDataDictField,NOT_REQUIRED,BooleanRequired(False),mortgage_assistance_plan_fields.py
mortgage_assistance_second_payment_date_paid,MORTGAGE_ASSISTANCE_PLAN,DateDataDictField,NOT_REQUIRED,BooleanRequired(False),mortgage_assistance_plan_fields.py
mortgage_assistance_second_payment_due_date,MORTGAGE_ASSISTANCE_PLAN,DateDataDictField,NOT_REQUIRED,BooleanRequired(False),mortgage_assistance_plan_fields.py
mortgage_assistance_second_payment_status,MORTGAGE_ASSISTANCE_PLAN,StringDataDictField,NOT_REQUIRED,BooleanRequired(False),mortgage_assistance_plan_fields.py
mortgage_assistance_sixth_payment_amount_due,MORTGAGE_ASSISTANCE_PLAN,CurrencyDataDictField,NOT_REQUIRED,BooleanRequired(False),mortgage_assistance_plan_fields.py
mortgage_assistance_sixth_payment_amount_paid,MORTGAGE_ASSISTANCE_PLAN,CurrencyDataDictField,NOT_REQUIRED,BooleanRequired(False),mortgage_assistance_plan_fields.py
mortgage_assistance_sixth_payment_date_paid,MORTGAGE_ASSISTANCE_PLAN,DateDataDictField,NOT_REQUIRED,BooleanRequired(False),mortgage_assistance_plan_fields.py
mortgage_assistance_sixth_payment_due_date,MORTGAGE_ASSISTANCE_PLAN,DateDataDictField,NOT_REQUIRED,BooleanRequired(False),mortgage_assistance_plan_fields.py
mortgage_assistance_sixth_payment_status,MORTGAGE_ASSISTANCE_PLAN,StringDataDictField,NOT_REQUIRED,BooleanRequired(False),mortgage_assistance_plan_fields.py
mortgage_assistance_status,MORTGAGE_ASSISTANCE_PLAN,LiteralDataDictField,NOT_REQUIRED,BooleanRequired(False),mortgage_assistance_plan_fields.py
mortgage_assistance_third_payment_amount_due,MORTGAGE_ASSISTANCE_PLAN,CurrencyDataDictField,NOT_REQUIRED,BooleanRequired(False),mortgage_assistance_plan_fields.py
mortgage_assistance_third_payment_amount_paid,MORTGAGE_ASSISTANCE_PLAN,CurrencyDataDictField,NOT_REQUIRED,BooleanRequired(False),mortgage_assistance_plan_fields.py
mortgage_assistance_third_payment_date_paid,MORTGAGE_ASSISTANCE_PLAN,DateDataDictField,NOT_REQUIRED,BooleanRequired(False),mortgage_assistance_plan_fields.py
mortgage_assistance_third_payment_due_date,MORTGAGE_ASSISTANCE_PLAN,DateDataDictField,NOT_REQUIRED,BooleanRequired(False),mortgage_assistance_plan_fields.py
mortgage_assistance_third_payment_status,MORTGAGE_ASSISTANCE_PLAN,StringDataDictField,NOT_REQUIRED,BooleanRequired(False),mortgage_assistance_plan_fields.py
mortgage_assistance_total_repayment_amount,MORTGAGE_ASSISTANCE_PLAN,CurrencyDataDictField,NOT_REQUIRED,BooleanRequired(False),mortgage_assistance_plan_fields.py
mortgage_insurance_annual_notice_last_sent_date,LOAN,DateDataDictField,NOT_REQUIRED,BooleanRequired(False),loan_insurance_fields.py
mortgage_insurance_date_cancelled,LOAN,DateDataDictField,NOT_REQUIRED,BooleanRequired(False),loan_insurance_fields.py
mortgage_insurance_prior_servicer_automatic_termination_date,LOAN,DateDataDictField,NOT_REQUIRED,BooleanRequired(False),loan_insurance_fields.py
nfip_participation,LOAN,LiteralDataDictField,NOT_REQUIRED,BooleanRequired(False),hazard_info_fields.py
non_borrower_email_address,NON_BORROWER,StringDataDictField,NOT_REQUIRED,BooleanRequired(False),loan_non_borrower_fields.py
non_borrower_mailing_address_1,NON_BORROWER,StringDataDictField,NOT_REQUIRED,BooleanRequired(False),loan_non_borrower_fields.py
non_borrower_mailing_address_2,NON_BORROWER,StringDataDictField,NOT_REQUIRED,BooleanRequired(False),loan_non_borrower_fields.py
non_borrower_mailing_city,NON_BORROWER,StringDataDictField,NOT_REQUIRED,BooleanRequired(False),loan_non_borrower_fields.py
non_borrower_mailing_state,NON_BORROWER,LiteralDataDictField,NOT_REQUIRED,BooleanRequired(False),loan_non_borrower_fields.py
non_borrower_mailing_zipcode,NON_BORROWER,StringDataDictField,NOT_REQUIRED,BooleanRequired(False),loan_non_borrower_fields.py
non_borrower_middle_name,NON_BORROWER,StringDataDictField,NOT_REQUIRED,BooleanRequired(False),loan_non_borrower_fields.py
non_borrower_phone_number_cell,NON_BORROWER,PhoneNumberDataDictField,NOT_REQUIRED,BooleanRequired(False),loan_non_borrower_fields.py
non_borrower_phone_number_home,NON_BORROWER,PhoneNumberDataDictField,NOT_REQUIRED,BooleanRequired(False),loan_non_borrower_fields.py
non_borrower_phone_number_work,NON_BORROWER,PhoneNumberDataDictField,NOT_REQUIRED,BooleanRequired(False),loan_non_borrower_fields.py
non_borrower_tax_id,NON_BORROWER,StringDataDictField,NOT_REQUIRED,BooleanRequired(False),loan_non_borrower_fields.py
note_document_date,LOAN,DateDataDictField,NOT_REQUIRED,BooleanRequired(False),loan_fields.py
note_has_endorsement,LOAN,BooleanDataDictField,NOT_REQUIRED,BooleanRequired(False),loan_fields.py
note_signed_by_borrower,LOAN,BooleanDataDictField,NOT_REQUIRED,BooleanRequired(False),loan_fields.py
note_signee_first_name,LOAN,StringDataDictField,NOT_REQUIRED,BooleanRequired(False),loan_fields.py
note_signee_last_name,LOAN,StringDataDictField,NOT_REQUIRED,BooleanRequired(False),loan_fields.py
number_of_units,LOAN,IntDataDictField,NOT_REQUIRED,BooleanRequired(False),property_fields.py
original_amortization_term,LOAN,IntDataDictField,NOT_REQUIRED,BooleanRequired(False),loan_fields.py
original_debt_to_income_ratio,LOAN,DecimalDataDictField,NOT_REQUIRED,BooleanRequired(False),loan_fields.py
original_gross_monthly_income,LOAN,CurrencyDataDictField,NOT_REQUIRED,BooleanRequired(False),loan_fields.py
original_ltv,LOAN,PercentageDataDictField,NOT_REQUIRED,BooleanRequired(False),loan_fields.py
original_maturity_date,LOAN,DateDataDictField,NOT_REQUIRED,BooleanRequired(False),loan_fields.py
original_occupancy_type,LOAN,LiteralDataDictField,NOT_REQUIRED,BooleanRequired(False),loan_fields.py
original_payment_amount,LOAN,CurrencyDataDictField,NOT_REQUIRED,BooleanRequired(False),loan_fields.py
origination_combined_ltv,LOAN,PercentageDataDictField,NOT_REQUIRED,BooleanRequired(False),loan_fields.py
payment_frequency,INSURANCE,LiteralDataDictField,NOT_REQUIRED,BooleanRequired(False),internal_onboarding_insurance_fields.py
policy_cancellation_date,INSURANCE,DateDataDictField,NOT_REQUIRED,BooleanRequired(False),internal_onboarding_insurance_fields.py
pool_issue_date,LOAN,DateDataDictField,NOT_REQUIRED,BooleanRequired(False),investor_reporting_detail_fields.py
pool_number,LOAN,NonDecimalStringDataDictField,NOT_REQUIRED,BooleanRequired(False),investor_reporting_detail_fields.py
pool_prefix,LOAN,StringDataDictField,NOT_REQUIRED,BooleanRequired(False),investor_reporting_detail_fields.py
pool_suffix,LOAN,StringDataDictField,NOT_REQUIRED,BooleanRequired(False),investor_reporting_detail_fields.py
prepayment_threshold,LOAN,RateDataDictField,NOT_REQUIRED,BooleanRequired(False),loan_fields.py
prepayment_threshold_period,LOAN,IntDataDictField,NOT_REQUIRED,BooleanRequired(False),loan_fields.py
previous_servicer_company_mailing_address_2,LOAN,StringDataDictField,NOT_REQUIRED,BooleanRequired(False),loan_fields.py
property_acquired_year,LOAN,IntDataDictField,NOT_REQUIRED,BooleanRequired(False),loan_fields.py
property_address_2,LOAN,StringDataDictField,NOT_REQUIRED,BooleanRequired(False),property_fields.py
property_built_year,LOAN,IntDataDictField,NOT_REQUIRED,BooleanRequired(False),loan_fields.py
property_last_appraisal_date,LOAN,DateDataDictField,NOT_REQUIRED,BooleanRequired(False),property_fields.py
property_last_appraisal_value,LOAN,CurrencyDataDictField,NOT_REQUIRED,BooleanRequired(False),property_fields.py
provider_address_1,INSURANCE,StringDataDictField,NOT_REQUIRED,BooleanRequired(False),internal_onboarding_insurance_fields.py
provider_address_2,INSURANCE,StringDataDictField,NOT_REQUIRED,BooleanRequired(False),internal_onboarding_insurance_fields.py
provider_city,INSURANCE,StringDataDictField,NOT_REQUIRED,BooleanRequired(False),internal_onboarding_insurance_fields.py
provider_state,INSURANCE,LiteralDataDictField,NOT_REQUIRED,BooleanRequired(False),internal_onboarding_insurance_fields.py
provider_zip,INSURANCE,StringDataDictField,NOT_REQUIRED,BooleanRequired(False),internal_onboarding_insurance_fields.py
purchase_price,LOAN,CurrencyDataDictField,NOT_REQUIRED,BooleanRequired(False),property_fields.py
recast_effective_date,LOAN,DateDataDictField,NOT_REQUIRED,BooleanRequired(False),loan_fields.py
seller_loan_id,LOAN,StringDataDictField,NOT_REQUIRED,BooleanRequired(False),loan_fields.py
shared_equity_balance,LOAN,DecimalDataDictField,NOT_REQUIRED,BooleanRequired(False),gnma_fields.py
shortage_spread_months,LOAN,IntDataDictField,NOT_REQUIRED,BooleanRequired(False),loan_fields.py
structure_id,INSURANCE,IntDataDictField,NOT_REQUIRED,BooleanRequired(False),internal_onboarding_insurance_fields.py
successor_in_interest_confirmed_date,NON_BORROWER,DateDataDictField,NOT_REQUIRED,BooleanRequired(False),loan_non_borrower_fields.py
transaction_due_date,TRANSACTION,DateDataDictField,NOT_REQUIRED,BooleanRequired(False),transaction_fields.py
transaction_effective_date,TRANSACTION,DateDataDictField,NOT_REQUIRED,BooleanRequired(False),transaction_fields.py
transaction_end_escrow_balance,TRANSACTION,CurrencyDataDictField,NOT_REQUIRED,BooleanRequired(False),transaction_fields.py
transaction_end_principal_balance,TRANSACTION,CurrencyDataDictField,NOT_REQUIRED,BooleanRequired(False),transaction_fields.py
transaction_other_details,TRANSACTION,StringDataDictField,NOT_REQUIRED,BooleanRequired(False),transaction_fields.py
valon_originated,LOAN,BooleanDataDictField,NOT_REQUIRED,BooleanRequired(False),loan_fields.py
